{"LR":0.0005,"_timestamp":1.7668989506812637e+09,"Loss/train_epoch":8.281209945678711,"Epoch":9,"_wandb":{"runtime":23},"_runtime":23.121737035,"_step":20,"Loss/train_step":8.28021240234375}